Fund Name,P1,P2,P3,P4,P5,Topsis Score,Rank
M1,0.67,0.45,6.3,38.2,11.41,0.23201447426319136,8
M2,0.81,0.66,6.0,42.4,12.47,0.399312936227321,4
M3,0.68,0.46,3.0,60.2,16.09,0.5953958397374929,2
M4,0.7,0.49,5.0,42.1,12.07,0.3361087458988312,7
M5,0.95,0.9,5.5,43.5,12.71,0.5539357890248423,3
M6,0.6,0.36,6.2,52.6,14.94,0.3849837960425205,5
M7,0.91,0.83,4.1,52.7,14.64,0.7129792655488747,1
M8,0.86,0.74,6.6,35.2,10.85,0.3791024671255011,6
